date,ARTKAART,ARTKIMP,ARTKONE,ARTKPWC,ARTKSIX
1980-03-31,100.0000,,100.0000,,100.0000
1980-06-30,119.6800,100.0000,70.6700,100.0000,119.0100
1980-09-30,137.9500,,49.9500,,188.8200
1980-12-31,118.9500,108.9900,63.4100,141.4100,178.5700
1981-03-31,108.8600,,80.5100,,149.3500
1981-06-30,77.6000,125.6900,396.6200,153.8500,108.5400
1981-09-30,103.4100,,74.5100,,104.5800
1981-12-31,67.1800,108.0300,104.1100,220.3900,54.4400
1982-03-31,86.4200,,104.7800,,88.8500
1982-06-30,60.2200,81.5800,127.5200,160.6900,95.2200
1982-09-30,84.7000,,155.2100,,131.3400
1982-12-31,95.8800,67.3300,24.1100,195.9000,89.4100
1983-03-31,86.9000,,77.0800,,155.8900
1983-06-30,110.3500,107.6000,83.0900,130.5100,98.4400
1983-09-30,103.7800,,89.5600,,118.5700
1983-12-31,114.6600,129.9100,30.6300,193.8200,156.3000
1984-03-31,95.1200,,89.9800,,119.0600
1984-06-30,110.5300,143.3300,68.9200,206.9800,142.8800
1984-09-30,102.2100,,62.4100,,103.2800
1984-12-31,107.3100,128.1800,69.5600,254.8300,106.0600
1985-03-31,131.9200,,114.5000,,161.0700
1985-06-30,154.6900,123.4700,115.3900,312.1800,159.6700
1985-09-30,125.3200,,116.2800,,145.7700
1985-12-31,176.9500,106.5200,89.5000,330.7700,281.6200
1986-03-31,155.9000,,145.4900,,204.8100
1986-06-30,202.7500,103.0000,130.4100,301.6700,188.4500
1986-09-30,177.5700,,116.8900,,200.9800
1986-12-31,241.6900,144.4400,98.4500,555.2100,264.3000
1987-03-31,219.7700,,181.5600,,253.0900
1987-06-30,223.2500,211.0600,183.2600,674.2400,302.8800
1987-09-30,226.1700,,134.9500,,295.0900
1987-12-31,237.6700,316.5900,197.0900,881.3400,263.3000
1988-03-31,252.7700,,216.6500,,310.1200
1988-06-30,281.5600,357.4500,327.8000,658.7600,268.8700
1988-09-30,296.6000,,343.7500,,300.2400
1988-12-31,331.6600,438.0100,568.5800,650.3900,347.9300
1989-03-31,404.2600,,495.1300,,414.8100
1989-06-30,351.8400,476.4600,259.5900,720.6400,393.5600
1989-09-30,407.4900,,500.4500,,359.2900
1989-12-31,443.5200,596.4400,420.0900,1001.4000,378.1800
1990-03-31,412.1900,,504.8700,,388.8800
1990-06-30,404.7300,568.9100,866.7500,1048.0300,342.2600
1990-09-30,328.0500,,369.2100,,389.8200
1990-12-31,312.5700,489.7300,372.8400,968.6500,319.0800
1991-03-31,291.7300,,357.3100,,338.1500
1991-06-30,325.6200,382.4500,1121.8900,764.4900,309.6300
1991-09-30,271.6100,,256.3800,,324.7300
1991-12-31,282.0600,303.1900,197.6400,652.8600,409.4900
1992-03-31,255.4200,,211.3700,,335.3300
1992-06-30,284.0100,259.8700,197.6600,500.9100,335.8300
1992-09-30,230.6000,,184.8300,,321.8500
1992-12-31,200.1600,221.3600,226.6500,366.4600,308.3400
1993-03-31,212.5800,,297.3000,,284.8400
1993-06-30,251.3700,225.2900,132.8500,667.5300,262.6700
1993-09-30,246.9800,,230.4600,,282.6000
1993-12-31,261.7000,233.5400,197.6500,729.9700,353.2400
1994-03-31,236.2300,,161.4000,,260.6400
1994-06-30,249.8200,207.9000,235.5100,889.5900,276.9300
1994-09-30,249.0500,,196.4500,,295.3700
1994-12-31,257.0000,244.6800,176.8600,592.6300,326.1500
1995-03-31,252.4100,,281.9200,,302.1800
1995-06-30,310.0600,277.8300,384.6300,557.8100,377.0900
1995-09-30,195.2800,,224.7800,,272.1800
1995-12-31,291.7900,313.0200,198.1100,422.7300,377.5300
1996-03-31,237.6000,,152.8400,,290.4400
1996-06-30,275.1500,317.3100,136.4900,444.7100,290.4100
1996-09-30,266.1700,,222.7400,,414.0700
1996-12-31,309.1300,330.2000,241.0200,627.3200,393.1800
1997-03-31,258.4100,,269.6300,,364.5700
1997-06-30,336.9800,346.4500,320.9800,654.6300,375.4800
1997-09-30,257.7100,,197.6000,,361.2900
1997-12-31,362.0100,346.5800,197.6300,705.1300,479.6100
1998-03-31,320.3100,,204.0400,,454.2200
1998-06-30,314.5000,358.3000,375.2900,586.9300,462.3400
1998-09-30,302.7800,,255.0400,,422.0600
1998-12-31,330.5300,374.1400,260.0500,712.1000,441.7000
1999-03-31,328.3700,,281.2400,,437.9500
1999-06-30,387.5500,422.8900,286.7300,869.4900,486.6700
1999-09-30,337.2200,,325.5600,,497.4800
1999-12-31,479.3800,457.0300,288.4900,1006.3100,600.4200
2000-03-31,403.7700,,326.6100,,561.3300
2000-06-30,424.8500,481.2500,530.9900,1088.5700,531.1700
2000-09-30,334.0600,,281.9000,,490.1100
2000-12-31,369.9700,458.1300,403.1700,1080.1400,527.2000
2001-03-31,340.4900,,329.1900,,462.7600
2001-06-30,412.6300,435.4000,324.2500,1181.9800,521.2500
2001-09-30,338.1200,,355.9000,,442.6400
2001-12-31,345.9000,433.9400,366.4700,1498.4200,424.6500
2002-03-31,396.2200,,446.8400,,508.8200
2002-06-30,351.0200,449.8600,407.1900,1581.2900,407.2100
2002-09-30,368.3500,,352.5600,,454.7200
2002-12-31,435.2300,466.1500,578.8500,1640.7000,497.2000
2003-03-31,444.7200,,400.1600,,543.3700
2003-06-30,315.9000,456.9800,460.5200,1539.4000,359.5300
2003-09-30,435.0900,,400.6900,,528.5700
2003-12-31,487.3600,494.4000,520.2700,1607.0700,547.4000
2004-03-31,453.0300,,487.4900,,557.9500
2004-06-30,522.1700,525.0900,422.7300,1830.7500,571.0100
2004-09-30,481.1800,,537.8200,,608.2900
2004-12-31,557.8100,573.0500,759.4100,1809.9800,634.3000
2005-03-31,510.1400,,556.0100,,620.7100
2005-06-30,537.0700,597.7300,581.3000,1824.9900,661.5200
2005-09-30,526.9300,,489.0300,,611.8000
2005-12-31,545.1800,694.4200,760.4700,2296.2500,557.6500
2006-03-31,591.4500,,736.6700,,680.2000
2006-06-30,664.2900,792.6000,629.4900,2961.4800,699.2800
2006-09-30,634.9100,,704.5700,,713.6700
2006-12-31,714.8200,897.9500,932.5100,3672.6600,778.3700
2007-03-31,727.2600,,952.1900,,779.2700
2007-06-30,772.8200,945.9900,1039.3200,4196.5000,794.5400
2007-09-30,765.7400,,981.8800,,858.8000
2007-12-31,835.3600,996.9300,1237.2700,4715.6200,926.1500
2008-03-31,746.8000,,984.2200,,828.3500
2008-06-30,840.4400,933.9900,1222.0600,4906.0500,927.4300
2008-09-30,593.1900,,772.1400,,622.0300
2008-12-31,589.2900,867.0900,684.2500,4263.6100,620.5900
2009-03-31,545.3200,,701.0800,,595.9000
2009-06-30,546.6300,824.5400,637.7300,3576.3600,603.2300
2009-09-30,558.8100,,734.4400,,597.9300
2009-12-31,653.0900,887.7700,948.9100,3692.4500,634.3100
2010-03-31,575.8900,,750.5100,,595.1500
2010-06-30,653.4600,950.7100,747.9500,4260.0600,673.7300
2010-09-30,587.9200,,824.0800,,628.6900
2010-12-31,667.8300,1046.6000,995.8000,4976.4400,670.0700
2011-03-31,679.1200,,805.9400,,740.2000
2011-06-30,681.8000,1107.8400,1111.3900,5441.8400,647.0400
2011-09-30,581.5700,,716.8200,,596.3600
2011-12-31,739.1400,1181.8900,1073.7100,5723.7800,697.5600
2012-03-31,636.3600,,1061.2800,,617.9700
2012-06-30,677.6400,1112.1800,1138.8700,5891.3300,622.8300
2012-09-30,582.7400,,913.7400,,580.7100
2012-12-31,647.3500,1132.8000,1153.3200,6041.7000,618.3900
2013-03-31,629.3100,,898.0200,,600.9100
2013-06-30,696.1400,1110.6000,1085.8700,6376.9200,637.1700
2013-09-30,600.4700,,762.8600,,594.4900
2013-12-31,729.1500,1171.6600,1330.1900,7176.6700,671.0400
2014-03-31,673.1300,,1245.2500,,626.7000
2014-06-30,719.5200,1151.2400,1102.4600,7617.0400,662.5700
2014-09-30,641.1100,,864.0700,,609.2900
2014-12-31,704.2800,1190.7100,1135.8700,8154.9200,621.4400
2015-03-31,629.3400,,1052.1700,,580.9700
2015-06-30,727.8300,1216.9800,1315.2600,7799.7700,690.6600
2015-09-30,602.9900,,1040.4600,,551.1200
2015-12-31,682.7200,1224.2300,1075.1800,7754.1600,580.4300
2016-03-31,574.0300,,1074.7200,,505.1900
2016-06-30,634.0400,1124.2000,1099.6700,7726.0900,518.6000
2016-09-30,550.5600,,970.9400,,504.9900
2016-12-31,660.8900,1127.8700,1245.6400,8056.5200,585.8700
2017-03-31,624.5200,,1268.1900,,533.7900
2017-06-30,646.8700,1108.5200,1159.9100,8464.6700,544.3900
2017-09-30,607.7500,,1318.0300,,570.5200
2017-12-31,717.1700,1277.2700,1498.0200,8944.6500,601.6400
2018-03-31,613.1400,,1403.5900,,511.0000
2018-06-30,712.6100,1350.4300,1718.1900,10065.2800,581.2200
2018-09-30,600.7500,,1257.2400,,519.9000
2018-12-31,661.6500,1405.6000,1447.2400,10255.7300,549.3500
2019-03-31,627.4000,,1265.7600,,537.4700
2019-06-30,708.4500,1279.9800,1475.7800,10203.5000,594.4400
2019-09-30,569.7400,,1269.0200,,510.8500
2019-12-31,671.1600,1229.3900,1082.7600,9779.8300,513.0200
2020-03-31,634.3600,,1244.6500,,508.6500
2020-06-30,573.5200,1241.1800,1165.2700,10214.9600,463.3300
2020-09-30,659.7300,,1794.8200,,499.1800
2020-12-31,687.2600,1434.2100,1531.3900,11311.1000,551.4300
2021-03-31,721.1000,,1776.7600,,608.0000
2021-06-30,751.3900,1470.7400,1902.3900,11677.4100,587.5600
2021-09-30,712.3000,,1627.1100,,601.7300
2021-12-31,715.6100,1632.5500,2190.1500,11703.2600,528.5400
2022-03-31,704.2600,,1575.0000,,569.8100
2022-06-30,703.0300,1619.7700,1823.1900,10773.9600,519.1200
2022-09-30,589.7700,,1564.1400,,449.9600
2022-12-31,646.9000,1639.9900,1683.3600,10130.4400,473.2800
2023-03-31,615.7500,,1523.4600,,477.6400
2023-06-30,654.8700,1457.7600,1602.6300,10098.0900,489.4200
2023-09-30,563.1300,,1577.0600,,436.4700
2023-12-31,593.0400,1458.7400,1413.7100,9746.9600,437.7500
2024-03-31,573.0400,,1215.1000,,425.6600
2024-06-30,567.5500,1526.6900,1400.6000,9992.5100,431.8800
2024-09-30,533.6800,,1752.9400,,419.2800
2024-12-31,538.0300,1650.4100,1235.8300,9442.2400,407.4300
2025-03-31,572.7200,,1341.2800,,466.1100
2025-06-30,592.2400,1656.9900,1323.3000,9661.3400,442.4100
2025-09-30,564.2100,,1559.5900,,407.4700
2025-12-31,588.9400,1621.3000,1298.1800,9186.8700,458.4800
2026-03-31,558.6200,,1567.9600,,456.3000
2026-06-30,643.6600,1682.8300,1290.5100,8792.0300,479.1000
